{
    "avg_prec": 0.5300215485530723,
    "roc_auc": 0.9444504074889023
}